X_id,timestamp,device_id,screen_status,DateTime,Hour
1,1579797128346,6103ce5f-6cc5-44fe-9487-78117aecb389,2,2020-01-23T16:32:08.345Z,1
2,1579797192841,6103ce5f-6cc5-44fe-9487-78117aecb389,3,2020-01-23T16:33:12.841Z,1
3,1579797197177,6103ce5f-6cc5-44fe-9487-78117aecb389,2,2020-01-23T16:33:17.177Z,1
4,1579797329866,6103ce5f-6cc5-44fe-9487-78117aecb389,3,2020-01-23T16:35:29.865Z,1
5,1579797544280,6103ce5f-6cc5-44fe-9487-78117aecb389,2,2020-01-23T16:39:04.279Z,1
6,1579797551412,6103ce5f-6cc5-44fe-9487-78117aecb389,3,2020-01-23T16:39:11.411Z,1
7,1579797585350,6103ce5f-6cc5-44fe-9487-78117aecb389,2,2020-01-23T16:39:45.349Z,1
8,1579797618198,6103ce5f-6cc5-44fe-9487-78117aecb389,3,2020-01-23T16:40:18.197Z,1
9,1579797714337,6103ce5f-6cc5-44fe-9487-78117aecb389,2,2020-01-23T16:41:54.336Z,1
10,1579797747171,6103ce5f-6cc5-44fe-9487-78117aecb389,3,2020-01-23T16:42:27.171Z,1
11,1579797759165,6103ce5f-6cc5-44fe-9487-78117aecb389,2,2020-01-23T16:42:39.164Z,1
12,1579797911160,6103ce5f-6cc5-44fe-9487-78117aecb389,3,2020-01-23T16:45:11.160Z,1
13,1579798051559,6103ce5f-6cc5-44fe-9487-78117aecb389,2,2020-01-23T16:47:31.559Z,1
14,1579798084377,6103ce5f-6cc5-44fe-9487-78117aecb389,3,2020-01-23T16:48:04.377Z,1
15,1579798085108,6103ce5f-6cc5-44fe-9487-78117aecb389,3,2020-01-23T16:48:05.108Z,1
16,1579798085108,6103ce5f-6cc5-44fe-9487-78117aecb389,3,2020-01-23T16:48:05.108Z,1
17,1579798105466,6103ce5f-6cc5-44fe-9487-78117aecb389,2,2020-01-23T16:48:25.466Z,1
18,1579798117848,6103ce5f-6cc5-44fe-9487-78117aecb389,3,2020-01-23T16:48:37.848Z,1
19,1579799095259,6103ce5f-6cc5-44fe-9487-78117aecb389,2,2020-01-23T17:04:55.259Z,2
20,1579799469518,6103ce5f-6cc5-44fe-9487-78117aecb389,3,2020-01-23T17:11:09.517Z,2
21,1579799567926,6103ce5f-6cc5-44fe-9487-78117aecb389,2,2020-01-23T17:12:47.926Z,2
22,1579799603460,6103ce5f-6cc5-44fe-9487-78117aecb389,3,2020-01-23T17:13:23.460Z,2
23,1579799737438,6103ce5f-6cc5-44fe-9487-78117aecb389,2,2020-01-23T17:15:37.437Z,2
24,1579799863047,6103ce5f-6cc5-44fe-9487-78117aecb389,3,2020-01-23T17:17:43.046Z,2
25,1579799896757,6103ce5f-6cc5-44fe-9487-78117aecb389,2,2020-01-23T17:18:16.756Z,2
26,1579801313277,6103ce5f-6cc5-44fe-9487-78117aecb389,3,2020-01-23T17:41:53.276Z,2
27,1579801336260,6103ce5f-6cc5-44fe-9487-78117aecb389,2,2020-01-23T17:42:16.259Z,2
28,1579801568489,6103ce5f-6cc5-44fe-9487-78117aecb389,3,2020-01-23T17:46:08.489Z,2
29,1579801750882,6103ce5f-6cc5-44fe-9487-78117aecb389,2,2020-01-23T17:49:10.881Z,2
30,1579801771386,6103ce5f-6cc5-44fe-9487-78117aecb389,3,2020-01-23T17:49:31.385Z,2
31,1579801798319,6103ce5f-6cc5-44fe-9487-78117aecb389,2,2020-01-23T17:49:58.319Z,2
32,1579803233504,6103ce5f-6cc5-44fe-9487-78117aecb389,3,2020-01-23T18:13:53.503Z,3
33,1579803526120,6103ce5f-6cc5-44fe-9487-78117aecb389,2,2020-01-23T18:18:46.119Z,3
34,1579804417454,6103ce5f-6cc5-44fe-9487-78117aecb389,3,2020-01-23T18:33:37.453Z,3
35,1579804448163,6103ce5f-6cc5-44fe-9487-78117aecb389,2,2020-01-23T18:34:08.163Z,3
36,1579805040229,6103ce5f-6cc5-44fe-9487-78117aecb389,3,2020-01-23T18:44:00.229Z,3
37,1579805074848,6103ce5f-6cc5-44fe-9487-78117aecb389,2,2020-01-23T18:44:34.848Z,3
38,1579805212494,6103ce5f-6cc5-44fe-9487-78117aecb389,3,2020-01-23T18:46:52.493Z,3
39,1579807205031,6103ce5f-6cc5-44fe-9487-78117aecb389,2,2020-01-23T19:20:05.030Z,4
40,1579807240367,6103ce5f-6cc5-44fe-9487-78117aecb389,3,2020-01-23T19:20:40.367Z,4
41,1579807301109,6103ce5f-6cc5-44fe-9487-78117aecb389,2,2020-01-23T19:21:41.108Z,4
42,1579807874222,6103ce5f-6cc5-44fe-9487-78117aecb389,3,2020-01-23T19:31:14.221Z,4
43,1579808207946,6103ce5f-6cc5-44fe-9487-78117aecb389,2,2020-01-23T19:36:47.946Z,4
44,1579808614255,6103ce5f-6cc5-44fe-9487-78117aecb389,3,2020-01-23T19:43:34.255Z,4
45,1579808953051,6103ce5f-6cc5-44fe-9487-78117aecb389,2,2020-01-23T19:49:13.051Z,4
46,1579808953107,6103ce5f-6cc5-44fe-9487-78117aecb389,3,2020-01-23T19:49:13.107Z,4
47,1579809338846,6103ce5f-6cc5-44fe-9487-78117aecb389,2,2020-01-23T19:55:38.845Z,4
48,1579809601106,6103ce5f-6cc5-44fe-9487-78117aecb389,3,2020-01-23T20:00:01.105Z,5
49,1579810247682,6103ce5f-6cc5-44fe-9487-78117aecb389,2,2020-01-23T20:10:47.681Z,5
50,1579810303262,6103ce5f-6cc5-44fe-9487-78117aecb389,3,2020-01-23T20:11:43.262Z,5
51,1579810384583,6103ce5f-6cc5-44fe-9487-78117aecb389,2,2020-01-23T20:13:04.582Z,5
52,1579811660279,6103ce5f-6cc5-44fe-9487-78117aecb389,3,2020-01-23T20:34:20.279Z,5
53,1579812681876,6103ce5f-6cc5-44fe-9487-78117aecb389,2,2020-01-23T20:51:21.875Z,5
54,1579812706219,6103ce5f-6cc5-44fe-9487-78117aecb389,3,2020-01-23T20:51:46.219Z,5
55,1579812879449,6103ce5f-6cc5-44fe-9487-78117aecb389,2,2020-01-23T20:54:39.448Z,5
56,1579813092364,6103ce5f-6cc5-44fe-9487-78117aecb389,3,2020-01-23T20:58:12.364Z,5
57,1579813098246,6103ce5f-6cc5-44fe-9487-78117aecb389,2,2020-01-23T20:58:18.246Z,5
58,1579814120053,6103ce5f-6cc5-44fe-9487-78117aecb389,3,2020-01-23T21:15:20.052Z,6
59,1579814125379,6103ce5f-6cc5-44fe-9487-78117aecb389,2,2020-01-23T21:15:25.378Z,6
60,1579814621685,6103ce5f-6cc5-44fe-9487-78117aecb389,3,2020-01-23T21:23:41.684Z,6
61,1579814629002,6103ce5f-6cc5-44fe-9487-78117aecb389,2,2020-01-23T21:23:49.002Z,6
62,1579814993061,6103ce5f-6cc5-44fe-9487-78117aecb389,3,2020-01-23T21:29:53.061Z,6
63,1579815027293,6103ce5f-6cc5-44fe-9487-78117aecb389,2,2020-01-23T21:30:27.292Z,6
64,1579815121495,6103ce5f-6cc5-44fe-9487-78117aecb389,3,2020-01-23T21:32:01.494Z,6
65,1579815131780,6103ce5f-6cc5-44fe-9487-78117aecb389,2,2020-01-23T21:32:11.779Z,6
66,1579815694559,6103ce5f-6cc5-44fe-9487-78117aecb389,3,2020-01-23T21:41:34.559Z,6
67,1579815748429,6103ce5f-6cc5-44fe-9487-78117aecb389,2,2020-01-23T21:42:28.428Z,6
68,1579818075822,6103ce5f-6cc5-44fe-9487-78117aecb389,3,2020-01-23T22:21:15.822Z,7
69,1579818112548,6103ce5f-6cc5-44fe-9487-78117aecb389,2,2020-01-23T22:21:52.548Z,7
70,1579818280650,6103ce5f-6cc5-44fe-9487-78117aecb389,3,2020-01-23T22:24:40.650Z,7
71,1579818307659,6103ce5f-6cc5-44fe-9487-78117aecb389,2,2020-01-23T22:25:07.658Z,7
72,1579818689765,6103ce5f-6cc5-44fe-9487-78117aecb389,3,2020-01-23T22:31:29.765Z,7
73,1579819505647,6103ce5f-6cc5-44fe-9487-78117aecb389,2,2020-01-23T22:45:05.647Z,7
74,1579820971271,6103ce5f-6cc5-44fe-9487-78117aecb389,3,2020-01-23T23:09:31.270Z,8
75,1579820974751,6103ce5f-6cc5-44fe-9487-78117aecb389,2,2020-01-23T23:09:34.750Z,8
76,1579820975786,6103ce5f-6cc5-44fe-9487-78117aecb389,3,2020-01-23T23:09:35.786Z,8
77,1579820995359,6103ce5f-6cc5-44fe-9487-78117aecb389,2,2020-01-23T23:09:55.358Z,8
78,1579826020013,6103ce5f-6cc5-44fe-9487-78117aecb389,3,2020-01-24T00:33:40.013Z,9
79,1579826063455,6103ce5f-6cc5-44fe-9487-78117aecb389,2,2020-01-24T00:34:23.454Z,9
80,1579826247243,6103ce5f-6cc5-44fe-9487-78117aecb389,3,2020-01-24T00:37:27.243Z,9
81,1579827171225,6103ce5f-6cc5-44fe-9487-78117aecb389,2,2020-01-24T00:52:51.224Z,9
82,1579827173537,6103ce5f-6cc5-44fe-9487-78117aecb389,3,2020-01-24T00:52:53.536Z,9
83,1579828017788,6103ce5f-6cc5-44fe-9487-78117aecb389,2,2020-01-24T01:06:57.788Z,10
84,1579828042279,6103ce5f-6cc5-44fe-9487-78117aecb389,3,2020-01-24T01:07:22.279Z,10
85,1579828249596,6103ce5f-6cc5-44fe-9487-78117aecb389,2,2020-01-24T01:10:49.595Z,10
86,1579828250736,6103ce5f-6cc5-44fe-9487-78117aecb389,3,2020-01-24T01:10:50.736Z,10
87,1579828631795,6103ce5f-6cc5-44fe-9487-78117aecb389,2,2020-01-24T01:17:11.795Z,10
88,1579829407935,6103ce5f-6cc5-44fe-9487-78117aecb389,3,2020-01-24T01:30:07.934Z,10
89,1579829557779,6103ce5f-6cc5-44fe-9487-78117aecb389,2,2020-01-24T01:32:37.779Z,10
90,1579829558928,6103ce5f-6cc5-44fe-9487-78117aecb389,3,2020-01-24T01:32:38.927Z,10
91,1579829575167,6103ce5f-6cc5-44fe-9487-78117aecb389,2,2020-01-24T01:32:55.167Z,10
92,1579830403475,6103ce5f-6cc5-44fe-9487-78117aecb389,3,2020-01-24T01:46:43.474Z,10
93,1579830495553,6103ce5f-6cc5-44fe-9487-78117aecb389,2,2020-01-24T01:48:15.552Z,10
94,1579831104323,6103ce5f-6cc5-44fe-9487-78117aecb389,3,2020-01-24T01:58:24.322Z,10
95,1579831151007,6103ce5f-6cc5-44fe-9487-78117aecb389,2,2020-01-24T01:59:11.006Z,10
96,1579831814532,6103ce5f-6cc5-44fe-9487-78117aecb389,3,2020-01-24T02:10:14.532Z,11
97,1579832258856,6103ce5f-6cc5-44fe-9487-78117aecb389,2,2020-01-24T02:17:38.855Z,11
98,1579836118778,6103ce5f-6cc5-44fe-9487-78117aecb389,3,2020-01-24T03:21:58.778Z,12
99,1579836376826,6103ce5f-6cc5-44fe-9487-78117aecb389,2,2020-01-24T03:26:16.825Z,12
100,1579836444878,6103ce5f-6cc5-44fe-9487-78117aecb389,3,2020-01-24T03:27:24.878Z,12
101,1579836560499,6103ce5f-6cc5-44fe-9487-78117aecb389,2,2020-01-24T03:29:20.499Z,12
102,1579837050843,6103ce5f-6cc5-44fe-9487-78117aecb389,3,2020-01-24T03:37:30.842Z,12
103,1579837053173,6103ce5f-6cc5-44fe-9487-78117aecb389,2,2020-01-24T03:37:33.173Z,12
104,1579837303756,6103ce5f-6cc5-44fe-9487-78117aecb389,3,2020-01-24T03:41:43.756Z,12
105,1579837714550,6103ce5f-6cc5-44fe-9487-78117aecb389,2,2020-01-24T03:48:34.549Z,12
106,1579838285091,6103ce5f-6cc5-44fe-9487-78117aecb389,3,2020-01-24T03:58:05.091Z,12
107,1579839030063,6103ce5f-6cc5-44fe-9487-78117aecb389,2,2020-01-24T04:10:30.062Z,13
108,1579839046987,6103ce5f-6cc5-44fe-9487-78117aecb389,3,2020-01-24T04:10:46.986Z,13
109,1579839267931,6103ce5f-6cc5-44fe-9487-78117aecb389,2,2020-01-24T04:14:27.930Z,13
110,1579839276027,6103ce5f-6cc5-44fe-9487-78117aecb389,3,2020-01-24T04:14:36.026Z,13
111,1579839320846,6103ce5f-6cc5-44fe-9487-78117aecb389,2,2020-01-24T04:15:20.845Z,13
112,1579839322382,6103ce5f-6cc5-44fe-9487-78117aecb389,3,2020-01-24T04:15:22.381Z,13
113,1579839960829,6103ce5f-6cc5-44fe-9487-78117aecb389,2,2020-01-24T04:26:00.828Z,13
114,1579840051896,6103ce5f-6cc5-44fe-9487-78117aecb389,3,2020-01-24T04:27:31.895Z,13
115,1579840103601,6103ce5f-6cc5-44fe-9487-78117aecb389,2,2020-01-24T04:28:23.601Z,13
116,1579840502683,6103ce5f-6cc5-44fe-9487-78117aecb389,3,2020-01-24T04:35:02.683Z,13
117,1579841360524,6103ce5f-6cc5-44fe-9487-78117aecb389,2,2020-01-24T04:49:20.523Z,13
118,1579841371252,6103ce5f-6cc5-44fe-9487-78117aecb389,3,2020-01-24T04:49:31.252Z,13
119,1579842602589,6103ce5f-6cc5-44fe-9487-78117aecb389,2,2020-01-24T05:10:02.588Z,14
120,1579842606130,6103ce5f-6cc5-44fe-9487-78117aecb389,3,2020-01-24T05:10:06.130Z,14
121,1579842705102,6103ce5f-6cc5-44fe-9487-78117aecb389,2,2020-01-24T05:11:45.101Z,14
122,1579843354420,6103ce5f-6cc5-44fe-9487-78117aecb389,3,2020-01-24T05:22:34.420Z,14
123,1579843380588,6103ce5f-6cc5-44fe-9487-78117aecb389,2,2020-01-24T05:23:00.588Z,14
124,1579844000102,6103ce5f-6cc5-44fe-9487-78117aecb389,3,2020-01-24T05:33:20.101Z,14
125,1579844111589,6103ce5f-6cc5-44fe-9487-78117aecb389,2,2020-01-24T05:35:11.588Z,14
126,1579844153795,6103ce5f-6cc5-44fe-9487-78117aecb389,3,2020-01-24T05:35:53.795Z,14
127,1579844169718,6103ce5f-6cc5-44fe-9487-78117aecb389,2,2020-01-24T05:36:09.717Z,14
128,1579844279366,6103ce5f-6cc5-44fe-9487-78117aecb389,3,2020-01-24T05:37:59.365Z,14
129,1579844291297,6103ce5f-6cc5-44fe-9487-78117aecb389,2,2020-01-24T05:38:11.296Z,14
130,1579844396955,6103ce5f-6cc5-44fe-9487-78117aecb389,3,2020-01-24T05:39:56.954Z,14
131,1579845978183,6103ce5f-6cc5-44fe-9487-78117aecb389,2,2020-01-24T06:06:18.183Z,15
132,1579847121566,6103ce5f-6cc5-44fe-9487-78117aecb389,3,2020-01-24T06:25:21.565Z,15
133,1579847148957,6103ce5f-6cc5-44fe-9487-78117aecb389,2,2020-01-24T06:25:48.957Z,15
134,1579847438478,6103ce5f-6cc5-44fe-9487-78117aecb389,3,2020-01-24T06:30:38.477Z,15
135,1579872359690,6103ce5f-6cc5-44fe-9487-78117aecb389,2,2020-01-24T13:25:59.690Z,22
136,1579875480024,6103ce5f-6cc5-44fe-9487-78117aecb389,3,2020-01-24T14:18:00.023Z,23
137,1579875544607,6103ce5f-6cc5-44fe-9487-78117aecb389,2,2020-01-24T14:19:04.607Z,23
138,1579875557302,6103ce5f-6cc5-44fe-9487-78117aecb389,3,2020-01-24T14:19:17.302Z,23
139,1579875748810,6103ce5f-6cc5-44fe-9487-78117aecb389,2,2020-01-24T14:22:28.809Z,23
140,1579875792987,6103ce5f-6cc5-44fe-9487-78117aecb389,3,2020-01-24T14:23:12.986Z,23
141,1579875852087,6103ce5f-6cc5-44fe-9487-78117aecb389,2,2020-01-24T14:24:12.086Z,23
142,1579875885165,6103ce5f-6cc5-44fe-9487-78117aecb389,3,2020-01-24T14:24:45.164Z,23
143,1579875916688,6103ce5f-6cc5-44fe-9487-78117aecb389,2,2020-01-24T14:25:16.687Z,23
144,1579875985348,6103ce5f-6cc5-44fe-9487-78117aecb389,3,2020-01-24T14:26:25.348Z,23
145,1579876024433,6103ce5f-6cc5-44fe-9487-78117aecb389,2,2020-01-24T14:27:04.433Z,23
146,1579876075241,6103ce5f-6cc5-44fe-9487-78117aecb389,3,2020-01-24T14:27:55.240Z,23
147,1579876077232,6103ce5f-6cc5-44fe-9487-78117aecb389,2,2020-01-24T14:27:57.232Z,23
148,1579876078870,6103ce5f-6cc5-44fe-9487-78117aecb389,3,2020-01-24T14:27:58.869Z,23
149,1579876080131,6103ce5f-6cc5-44fe-9487-78117aecb389,2,2020-01-24T14:28:00.131Z,23
150,1579876080171,6103ce5f-6cc5-44fe-9487-78117aecb389,3,2020-01-24T14:28:00.171Z,23
151,1579876094430,6103ce5f-6cc5-44fe-9487-78117aecb389,2,2020-01-24T14:28:14.430Z,23
152,1579876106935,6103ce5f-6cc5-44fe-9487-78117aecb389,3,2020-01-24T14:28:26.934Z,23
153,1579876112510,6103ce5f-6cc5-44fe-9487-78117aecb389,2,2020-01-24T14:28:32.509Z,23
154,1579876193096,6103ce5f-6cc5-44fe-9487-78117aecb389,3,2020-01-24T14:29:53.095Z,23
155,1579876208264,6103ce5f-6cc5-44fe-9487-78117aecb389,2,2020-01-24T14:30:08.263Z,23
156,1579876460228,6103ce5f-6cc5-44fe-9487-78117aecb389,3,2020-01-24T14:34:20.227Z,23
157,1579876470009,6103ce5f-6cc5-44fe-9487-78117aecb389,2,2020-01-24T14:34:30.009Z,23
158,1579876698677,6103ce5f-6cc5-44fe-9487-78117aecb389,3,2020-01-24T14:38:18.677Z,23
159,1579876742319,6103ce5f-6cc5-44fe-9487-78117aecb389,2,2020-01-24T14:39:02.319Z,23
160,1579877189639,6103ce5f-6cc5-44fe-9487-78117aecb389,3,2020-01-24T14:46:29.638Z,23
161,1579877203255,6103ce5f-6cc5-44fe-9487-78117aecb389,2,2020-01-24T14:46:43.255Z,23
162,1579877425829,6103ce5f-6cc5-44fe-9487-78117aecb389,3,2020-01-24T14:50:25.828Z,23
163,1579877427373,6103ce5f-6cc5-44fe-9487-78117aecb389,2,2020-01-24T14:50:27.372Z,23
164,1579877491983,6103ce5f-6cc5-44fe-9487-78117aecb389,3,2020-01-24T14:51:31.983Z,23
165,1579877675644,6103ce5f-6cc5-44fe-9487-78117aecb389,2,2020-01-24T14:54:35.644Z,23
166,1579877757163,6103ce5f-6cc5-44fe-9487-78117aecb389,3,2020-01-24T14:55:57.163Z,23
167,1579877927160,6103ce5f-6cc5-44fe-9487-78117aecb389,2,2020-01-24T14:58:47.160Z,23
168,1579878050027,6103ce5f-6cc5-44fe-9487-78117aecb389,3,2020-01-24T15:00:50.026Z,24
169,1579878050552,6103ce5f-6cc5-44fe-9487-78117aecb389,2,2020-01-24T15:00:50.552Z,24
170,1579879870286,6103ce5f-6cc5-44fe-9487-78117aecb389,3,2020-01-24T15:31:10.286Z,24
171,1579880027995,6103ce5f-6cc5-44fe-9487-78117aecb389,2,2020-01-24T15:33:47.994Z,24
172,1579880029034,6103ce5f-6cc5-44fe-9487-78117aecb389,3,2020-01-24T15:33:49.033Z,24
173,1579880056219,6103ce5f-6cc5-44fe-9487-78117aecb389,2,2020-01-24T15:34:16.219Z,24
174,1579881209315,6103ce5f-6cc5-44fe-9487-78117aecb389,3,2020-01-24T15:53:29.315Z,24
175,1579881230466,6103ce5f-6cc5-44fe-9487-78117aecb389,2,2020-01-24T15:53:50.466Z,24
176,1579881349524,6103ce5f-6cc5-44fe-9487-78117aecb389,3,2020-01-24T15:55:49.523Z,24
177,1579881376802,6103ce5f-6cc5-44fe-9487-78117aecb389,2,2020-01-24T15:56:16.802Z,24
178,1579881455488,6103ce5f-6cc5-44fe-9487-78117aecb389,3,2020-01-24T15:57:35.487Z,24
179,1579881463491,6103ce5f-6cc5-44fe-9487-78117aecb389,2,2020-01-24T15:57:43.490Z,24
180,1579881551378,6103ce5f-6cc5-44fe-9487-78117aecb389,3,2020-01-24T15:59:11.378Z,24
181,1579881628288,6103ce5f-6cc5-44fe-9487-78117aecb389,2,2020-01-24T16:00:28.288Z,25
182,1579884795235,6103ce5f-6cc5-44fe-9487-78117aecb389,3,2020-01-24T16:53:15.234Z,25
183,1579884801701,6103ce5f-6cc5-44fe-9487-78117aecb389,2,2020-01-24T16:53:21.700Z,25
184,1579884960810,6103ce5f-6cc5-44fe-9487-78117aecb389,3,2020-01-24T16:56:00.809Z,25
185,1579884980664,6103ce5f-6cc5-44fe-9487-78117aecb389,2,2020-01-24T16:56:20.664Z,25
186,1579891146380,6103ce5f-6cc5-44fe-9487-78117aecb389,3,2020-01-24T18:39:06.380Z,27
187,1579891297554,6103ce5f-6cc5-44fe-9487-78117aecb389,2,2020-01-24T18:41:37.553Z,27
188,1579891297837,6103ce5f-6cc5-44fe-9487-78117aecb389,3,2020-01-24T18:41:37.836Z,27
189,1579894989331,6103ce5f-6cc5-44fe-9487-78117aecb389,2,2020-01-24T19:43:09.331Z,28
190,1579894989533,6103ce5f-6cc5-44fe-9487-78117aecb389,3,2020-01-24T19:43:09.532Z,28
191,1579895006864,6103ce5f-6cc5-44fe-9487-78117aecb389,2,2020-01-24T19:43:26.864Z,28
192,1579895019717,6103ce5f-6cc5-44fe-9487-78117aecb389,3,2020-01-24T19:43:39.717Z,28
193,1579895050040,6103ce5f-6cc5-44fe-9487-78117aecb389,2,2020-01-24T19:44:10.039Z,28
194,1579895074814,6103ce5f-6cc5-44fe-9487-78117aecb389,3,2020-01-24T19:44:34.813Z,28
195,1579895101411,6103ce5f-6cc5-44fe-9487-78117aecb389,2,2020-01-24T19:45:01.411Z,28
196,1579895124254,6103ce5f-6cc5-44fe-9487-78117aecb389,3,2020-01-24T19:45:24.253Z,28
197,1579895179397,6103ce5f-6cc5-44fe-9487-78117aecb389,2,2020-01-24T19:46:19.397Z,28
198,1579896678839,6103ce5f-6cc5-44fe-9487-78117aecb389,3,2020-01-24T20:11:18.838Z,29
199,1579897110524,6103ce5f-6cc5-44fe-9487-78117aecb389,2,2020-01-24T20:18:30.523Z,29
200,1579897151868,6103ce5f-6cc5-44fe-9487-78117aecb389,3,2020-01-24T20:19:11.868Z,29
201,1579897389538,6103ce5f-6cc5-44fe-9487-78117aecb389,2,2020-01-24T20:23:09.538Z,29
202,1579897390350,6103ce5f-6cc5-44fe-9487-78117aecb389,3,2020-01-24T20:23:10.349Z,29
203,1579899561602,6103ce5f-6cc5-44fe-9487-78117aecb389,2,2020-01-24T20:59:21.601Z,29
204,1579902178604,6103ce5f-6cc5-44fe-9487-78117aecb389,3,2020-01-24T21:42:58.604Z,30
205,1579902286014,6103ce5f-6cc5-44fe-9487-78117aecb389,2,2020-01-24T21:44:46.013Z,30
206,1579902303284,6103ce5f-6cc5-44fe-9487-78117aecb389,3,2020-01-24T21:45:03.283Z,30
207,1579902399536,6103ce5f-6cc5-44fe-9487-78117aecb389,2,2020-01-24T21:46:39.536Z,30
208,1579902760513,6103ce5f-6cc5-44fe-9487-78117aecb389,3,2020-01-24T21:52:40.513Z,30
209,1579902767146,6103ce5f-6cc5-44fe-9487-78117aecb389,2,2020-01-24T21:52:47.145Z,30
210,1579903125023,6103ce5f-6cc5-44fe-9487-78117aecb389,3,2020-01-24T21:58:45.023Z,30
211,1579903256240,6103ce5f-6cc5-44fe-9487-78117aecb389,2,2020-01-24T22:00:56.240Z,31
212,1579903267030,6103ce5f-6cc5-44fe-9487-78117aecb389,3,2020-01-24T22:01:07.029Z,31
213,1579903277619,6103ce5f-6cc5-44fe-9487-78117aecb389,2,2020-01-24T22:01:17.618Z,31
214,1579903333802,6103ce5f-6cc5-44fe-9487-78117aecb389,3,2020-01-24T22:02:13.802Z,31
215,1579903674973,6103ce5f-6cc5-44fe-9487-78117aecb389,2,2020-01-24T22:07:54.973Z,31
216,1579903675845,6103ce5f-6cc5-44fe-9487-78117aecb389,3,2020-01-24T22:07:55.845Z,31
217,1579903746055,6103ce5f-6cc5-44fe-9487-78117aecb389,2,2020-01-24T22:09:06.055Z,31
218,1579903746449,6103ce5f-6cc5-44fe-9487-78117aecb389,3,2020-01-24T22:09:06.448Z,31
219,1579904058778,6103ce5f-6cc5-44fe-9487-78117aecb389,2,2020-01-24T22:14:18.778Z,31
220,1579904058968,6103ce5f-6cc5-44fe-9487-78117aecb389,3,2020-01-24T22:14:18.967Z,31
221,1579904271053,6103ce5f-6cc5-44fe-9487-78117aecb389,2,2020-01-24T22:17:51.052Z,31
222,1579904291744,6103ce5f-6cc5-44fe-9487-78117aecb389,3,2020-01-24T22:18:11.743Z,31
223,1579904368430,6103ce5f-6cc5-44fe-9487-78117aecb389,2,2020-01-24T22:19:28.430Z,31
224,1579904474909,6103ce5f-6cc5-44fe-9487-78117aecb389,3,2020-01-24T22:21:14.908Z,31
225,1579904676184,6103ce5f-6cc5-44fe-9487-78117aecb389,2,2020-01-24T22:24:36.184Z,31
226,1579904677423,6103ce5f-6cc5-44fe-9487-78117aecb389,3,2020-01-24T22:24:37.423Z,31
227,1579905688237,6103ce5f-6cc5-44fe-9487-78117aecb389,2,2020-01-24T22:41:28.236Z,31
228,1579905696449,6103ce5f-6cc5-44fe-9487-78117aecb389,3,2020-01-24T22:41:36.448Z,31
229,1579905852693,6103ce5f-6cc5-44fe-9487-78117aecb389,2,2020-01-24T22:44:12.693Z,31
230,1579905962825,6103ce5f-6cc5-44fe-9487-78117aecb389,3,2020-01-24T22:46:02.825Z,31
231,1579906015905,6103ce5f-6cc5-44fe-9487-78117aecb389,2,2020-01-24T22:46:55.904Z,31
232,1579907068671,6103ce5f-6cc5-44fe-9487-78117aecb389,3,2020-01-24T23:04:28.671Z,32
233,1579907315275,6103ce5f-6cc5-44fe-9487-78117aecb389,2,2020-01-24T23:08:35.275Z,32
234,1579907468084,6103ce5f-6cc5-44fe-9487-78117aecb389,3,2020-01-24T23:11:08.084Z,32
235,1579907644716,6103ce5f-6cc5-44fe-9487-78117aecb389,2,2020-01-24T23:14:04.716Z,32
236,1579908445078,6103ce5f-6cc5-44fe-9487-78117aecb389,3,2020-01-24T23:27:25.078Z,32
237,1579908780298,6103ce5f-6cc5-44fe-9487-78117aecb389,2,2020-01-24T23:33:00.298Z,32
238,1579910857466,6103ce5f-6cc5-44fe-9487-78117aecb389,3,2020-01-25T00:07:37.466Z,33
239,1579911001284,6103ce5f-6cc5-44fe-9487-78117aecb389,2,2020-01-25T00:10:01.283Z,33
240,1579911034841,6103ce5f-6cc5-44fe-9487-78117aecb389,3,2020-01-25T00:10:34.841Z,33
241,1579911052119,6103ce5f-6cc5-44fe-9487-78117aecb389,2,2020-01-25T00:10:52.118Z,33
242,1579912011632,6103ce5f-6cc5-44fe-9487-78117aecb389,3,2020-01-25T00:26:51.631Z,33
243,1579912036370,6103ce5f-6cc5-44fe-9487-78117aecb389,2,2020-01-25T00:27:16.369Z,33
244,1579912510851,6103ce5f-6cc5-44fe-9487-78117aecb389,3,2020-01-25T00:35:10.851Z,33
245,1579913275244,6103ce5f-6cc5-44fe-9487-78117aecb389,2,2020-01-25T00:47:55.243Z,33
246,1579913283491,6103ce5f-6cc5-44fe-9487-78117aecb389,3,2020-01-25T00:48:03.490Z,33
247,1579913502510,6103ce5f-6cc5-44fe-9487-78117aecb389,2,2020-01-25T00:51:42.509Z,33
248,1579913513359,6103ce5f-6cc5-44fe-9487-78117aecb389,3,2020-01-25T00:51:53.358Z,33
249,1579913521333,6103ce5f-6cc5-44fe-9487-78117aecb389,2,2020-01-25T00:52:01.332Z,33
250,1579913600683,6103ce5f-6cc5-44fe-9487-78117aecb389,3,2020-01-25T00:53:20.683Z,33
251,1579913603983,6103ce5f-6cc5-44fe-9487-78117aecb389,2,2020-01-25T00:53:23.983Z,33
252,1579914545841,6103ce5f-6cc5-44fe-9487-78117aecb389,3,2020-01-25T01:09:05.841Z,34
253,1579914562668,6103ce5f-6cc5-44fe-9487-78117aecb389,2,2020-01-25T01:09:22.667Z,34
254,1579914567394,6103ce5f-6cc5-44fe-9487-78117aecb389,3,2020-01-25T01:09:27.394Z,34
255,1579914605967,6103ce5f-6cc5-44fe-9487-78117aecb389,2,2020-01-25T01:10:05.967Z,34
256,1579915446405,6103ce5f-6cc5-44fe-9487-78117aecb389,3,2020-01-25T01:24:06.404Z,34
257,1579915449555,6103ce5f-6cc5-44fe-9487-78117aecb389,2,2020-01-25T01:24:09.555Z,34
258,1579916076940,6103ce5f-6cc5-44fe-9487-78117aecb389,3,2020-01-25T01:34:36.940Z,34
259,1579916113320,6103ce5f-6cc5-44fe-9487-78117aecb389,2,2020-01-25T01:35:13.319Z,34
260,1579916417414,6103ce5f-6cc5-44fe-9487-78117aecb389,3,2020-01-25T01:40:17.414Z,34
261,1579917050936,6103ce5f-6cc5-44fe-9487-78117aecb389,2,2020-01-25T01:50:50.936Z,34
262,1579918436661,6103ce5f-6cc5-44fe-9487-78117aecb389,3,2020-01-25T02:13:56.661Z,35
263,1579918442142,6103ce5f-6cc5-44fe-9487-78117aecb389,2,2020-01-25T02:14:02.141Z,35
264,1579918837965,6103ce5f-6cc5-44fe-9487-78117aecb389,3,2020-01-25T02:20:37.964Z,35
265,1579918850260,6103ce5f-6cc5-44fe-9487-78117aecb389,2,2020-01-25T02:20:50.259Z,35
266,1579918919251,6103ce5f-6cc5-44fe-9487-78117aecb389,3,2020-01-25T02:21:59.250Z,35
267,1579919236561,6103ce5f-6cc5-44fe-9487-78117aecb389,2,2020-01-25T02:27:16.561Z,35
268,1579922199743,6103ce5f-6cc5-44fe-9487-78117aecb389,3,2020-01-25T03:16:39.743Z,36
269,1579922205100,6103ce5f-6cc5-44fe-9487-78117aecb389,2,2020-01-25T03:16:45.099Z,36
270,1579922293281,6103ce5f-6cc5-44fe-9487-78117aecb389,3,2020-01-25T03:18:13.280Z,36
271,1579922297758,6103ce5f-6cc5-44fe-9487-78117aecb389,2,2020-01-25T03:18:17.757Z,36
272,1579922374511,6103ce5f-6cc5-44fe-9487-78117aecb389,3,2020-01-25T03:19:34.510Z,36
273,1579922381695,6103ce5f-6cc5-44fe-9487-78117aecb389,2,2020-01-25T03:19:41.694Z,36
274,1579922430618,6103ce5f-6cc5-44fe-9487-78117aecb389,3,2020-01-25T03:20:30.618Z,36
275,1579922453414,6103ce5f-6cc5-44fe-9487-78117aecb389,2,2020-01-25T03:20:53.414Z,36
276,1579922464648,6103ce5f-6cc5-44fe-9487-78117aecb389,3,2020-01-25T03:21:04.648Z,36
277,1579922471802,6103ce5f-6cc5-44fe-9487-78117aecb389,2,2020-01-25T03:21:11.802Z,36
278,1579923595577,6103ce5f-6cc5-44fe-9487-78117aecb389,3,2020-01-25T03:39:55.576Z,36
279,1579923812687,6103ce5f-6cc5-44fe-9487-78117aecb389,2,2020-01-25T03:43:32.687Z,36
280,1579926837203,6103ce5f-6cc5-44fe-9487-78117aecb389,3,2020-01-25T04:33:57.203Z,37
281,1579926906067,6103ce5f-6cc5-44fe-9487-78117aecb389,2,2020-01-25T04:35:06.066Z,37
282,1579928281033,6103ce5f-6cc5-44fe-9487-78117aecb389,3,2020-01-25T04:58:01.032Z,37
283,1579928284710,6103ce5f-6cc5-44fe-9487-78117aecb389,2,2020-01-25T04:58:04.710Z,37
284,1579928286335,6103ce5f-6cc5-44fe-9487-78117aecb389,3,2020-01-25T04:58:06.335Z,37
285,1579928291188,6103ce5f-6cc5-44fe-9487-78117aecb389,2,2020-01-25T04:58:11.187Z,37
286,1579930504357,6103ce5f-6cc5-44fe-9487-78117aecb389,3,2020-01-25T05:35:04.357Z,38
287,1579930545898,6103ce5f-6cc5-44fe-9487-78117aecb389,2,2020-01-25T05:35:45.898Z,38
288,1579931030241,6103ce5f-6cc5-44fe-9487-78117aecb389,3,2020-01-25T05:43:50.240Z,38
289,1579931036744,6103ce5f-6cc5-44fe-9487-78117aecb389,2,2020-01-25T05:43:56.743Z,38
290,1579931602760,6103ce5f-6cc5-44fe-9487-78117aecb389,3,2020-01-25T05:53:22.759Z,38
291,1579931690779,6103ce5f-6cc5-44fe-9487-78117aecb389,2,2020-01-25T05:54:50.779Z,38
292,1579931836502,6103ce5f-6cc5-44fe-9487-78117aecb389,3,2020-01-25T05:57:16.502Z,38
293,1579932152878,6103ce5f-6cc5-44fe-9487-78117aecb389,2,2020-01-25T06:02:32.878Z,39
294,1579932597135,6103ce5f-6cc5-44fe-9487-78117aecb389,3,2020-01-25T06:09:57.134Z,39
295,1579932612546,6103ce5f-6cc5-44fe-9487-78117aecb389,2,2020-01-25T06:10:12.546Z,39
296,1579933463066,6103ce5f-6cc5-44fe-9487-78117aecb389,3,2020-01-25T06:24:23.065Z,39
297,1579933496333,6103ce5f-6cc5-44fe-9487-78117aecb389,2,2020-01-25T06:24:56.332Z,39
298,1579933595427,6103ce5f-6cc5-44fe-9487-78117aecb389,3,2020-01-25T06:26:35.427Z,39
299,1579933639657,6103ce5f-6cc5-44fe-9487-78117aecb389,2,2020-01-25T06:27:19.657Z,39
300,1579933725224,6103ce5f-6cc5-44fe-9487-78117aecb389,3,2020-01-25T06:28:45.223Z,39
301,1579933765627,6103ce5f-6cc5-44fe-9487-78117aecb389,2,2020-01-25T06:29:25.627Z,39
302,1579933918308,6103ce5f-6cc5-44fe-9487-78117aecb389,3,2020-01-25T06:31:58.308Z,39
303,1579933996841,6103ce5f-6cc5-44fe-9487-78117aecb389,2,2020-01-25T06:33:16.841Z,39
304,1579934932973,6103ce5f-6cc5-44fe-9487-78117aecb389,3,2020-01-25T06:48:52.973Z,39
305,1579934933798,6103ce5f-6cc5-44fe-9487-78117aecb389,2,2020-01-25T06:48:53.798Z,39
306,1579939081294,6103ce5f-6cc5-44fe-9487-78117aecb389,3,2020-01-25T07:58:01.293Z,40
307,1579939111144,6103ce5f-6cc5-44fe-9487-78117aecb389,2,2020-01-25T07:58:31.144Z,40
308,1579939435192,6103ce5f-6cc5-44fe-9487-78117aecb389,3,2020-01-25T08:03:55.191Z,41
309,1579939606866,6103ce5f-6cc5-44fe-9487-78117aecb389,2,2020-01-25T08:06:46.865Z,41
310,1579939610206,6103ce5f-6cc5-44fe-9487-78117aecb389,3,2020-01-25T08:06:50.206Z,41
311,1579939757913,6103ce5f-6cc5-44fe-9487-78117aecb389,2,2020-01-25T08:09:17.913Z,41
312,1579940522396,6103ce5f-6cc5-44fe-9487-78117aecb389,3,2020-01-25T08:22:02.395Z,41
313,1579942984343,6103ce5f-6cc5-44fe-9487-78117aecb389,2,2020-01-25T09:03:04.342Z,42
314,1579942985529,6103ce5f-6cc5-44fe-9487-78117aecb389,3,2020-01-25T09:03:05.529Z,42
315,1580654194564,6103ce5f-6cc5-44fe-9487-78117aecb389,2,2020-02-02T14:36:34.563Z,239
316,1580654227178,6103ce5f-6cc5-44fe-9487-78117aecb389,3,2020-02-02T14:37:07.177Z,239
317,1580654299323,6103ce5f-6cc5-44fe-9487-78117aecb389,2,2020-02-02T14:38:19.322Z,239
318,1580654314209,6103ce5f-6cc5-44fe-9487-78117aecb389,3,2020-02-02T14:38:34.209Z,239
319,1580654335948,6103ce5f-6cc5-44fe-9487-78117aecb389,2,2020-02-02T14:38:55.947Z,239
320,1580654366494,6103ce5f-6cc5-44fe-9487-78117aecb389,3,2020-02-02T14:39:26.493Z,239
321,1580654452854,6103ce5f-6cc5-44fe-9487-78117aecb389,2,2020-02-02T14:40:52.854Z,239
322,1580654499324,6103ce5f-6cc5-44fe-9487-78117aecb389,3,2020-02-02T14:41:39.323Z,239
323,1580654622025,6103ce5f-6cc5-44fe-9487-78117aecb389,2,2020-02-02T14:43:42.025Z,239
324,1580654650896,6103ce5f-6cc5-44fe-9487-78117aecb389,3,2020-02-02T14:44:10.895Z,239
325,1580654658748,6103ce5f-6cc5-44fe-9487-78117aecb389,2,2020-02-02T14:44:18.747Z,239
326,1580654772023,6103ce5f-6cc5-44fe-9487-78117aecb389,3,2020-02-02T14:46:12.023Z,239
327,1580654778849,6103ce5f-6cc5-44fe-9487-78117aecb389,2,2020-02-02T14:46:18.848Z,239
328,1580654817269,6103ce5f-6cc5-44fe-9487-78117aecb389,3,2020-02-02T14:46:57.269Z,239
329,1580654834326,6103ce5f-6cc5-44fe-9487-78117aecb389,2,2020-02-02T14:47:14.325Z,239
330,1580654840321,6103ce5f-6cc5-44fe-9487-78117aecb389,3,2020-02-02T14:47:20.321Z,239
331,1580654994662,6103ce5f-6cc5-44fe-9487-78117aecb389,2,2020-02-02T14:49:54.661Z,239
332,1580655021021,6103ce5f-6cc5-44fe-9487-78117aecb389,3,2020-02-02T14:50:21.020Z,239
333,1580655058596,6103ce5f-6cc5-44fe-9487-78117aecb389,2,2020-02-02T14:50:58.595Z,239
334,1580655059963,6103ce5f-6cc5-44fe-9487-78117aecb389,3,2020-02-02T14:50:59.963Z,239
335,1580655170738,6103ce5f-6cc5-44fe-9487-78117aecb389,2,2020-02-02T14:52:50.737Z,239
336,1580655179717,6103ce5f-6cc5-44fe-9487-78117aecb389,3,2020-02-02T14:52:59.717Z,239
337,1580655238615,6103ce5f-6cc5-44fe-9487-78117aecb389,2,2020-02-02T14:53:58.615Z,239
338,1580655290303,6103ce5f-6cc5-44fe-9487-78117aecb389,3,2020-02-02T14:54:50.302Z,239
339,1580655402919,6103ce5f-6cc5-44fe-9487-78117aecb389,2,2020-02-02T14:56:42.918Z,239
340,1580655495001,6103ce5f-6cc5-44fe-9487-78117aecb389,3,2020-02-02T14:58:15.000Z,239
341,1580655496418,6103ce5f-6cc5-44fe-9487-78117aecb389,2,2020-02-02T14:58:16.417Z,239
342,1580655496647,6103ce5f-6cc5-44fe-9487-78117aecb389,3,2020-02-02T14:58:16.647Z,239
343,1580655726416,6103ce5f-6cc5-44fe-9487-78117aecb389,2,2020-02-02T15:02:06.415Z,240
344,1580655773072,6103ce5f-6cc5-44fe-9487-78117aecb389,3,2020-02-02T15:02:53.072Z,240
345,1580657822195,6103ce5f-6cc5-44fe-9487-78117aecb389,2,2020-02-02T15:37:02.194Z,240
346,1580667831983,6103ce5f-6cc5-44fe-9487-78117aecb389,3,2020-02-02T18:23:51.983Z,243
347,1580667913931,6103ce5f-6cc5-44fe-9487-78117aecb389,2,2020-02-02T18:25:13.930Z,243
348,1580667988716,6103ce5f-6cc5-44fe-9487-78117aecb389,3,2020-02-02T18:26:28.716Z,243
349,1580668019014,6103ce5f-6cc5-44fe-9487-78117aecb389,2,2020-02-02T18:26:59.013Z,243
350,1580668035047,6103ce5f-6cc5-44fe-9487-78117aecb389,3,2020-02-02T18:27:15.046Z,243
351,1580668121013,6103ce5f-6cc5-44fe-9487-78117aecb389,2,2020-02-02T18:28:41.013Z,243
352,1580668407881,6103ce5f-6cc5-44fe-9487-78117aecb389,3,2020-02-02T18:33:27.881Z,243
353,1580668590362,6103ce5f-6cc5-44fe-9487-78117aecb389,2,2020-02-02T18:36:30.361Z,243
354,1580668598687,6103ce5f-6cc5-44fe-9487-78117aecb389,3,2020-02-02T18:36:38.687Z,243
355,1580668816077,6103ce5f-6cc5-44fe-9487-78117aecb389,2,2020-02-02T18:40:16.076Z,243
356,1580668856239,6103ce5f-6cc5-44fe-9487-78117aecb389,3,2020-02-02T18:40:56.239Z,243
357,1580669008402,6103ce5f-6cc5-44fe-9487-78117aecb389,2,2020-02-02T18:43:28.401Z,243
358,1580669080745,6103ce5f-6cc5-44fe-9487-78117aecb389,3,2020-02-02T18:44:40.744Z,243
359,1580669110955,6103ce5f-6cc5-44fe-9487-78117aecb389,2,2020-02-02T18:45:10.954Z,243
360,1580670070616,6103ce5f-6cc5-44fe-9487-78117aecb389,3,2020-02-02T19:01:10.615Z,244
361,1580670155035,6103ce5f-6cc5-44fe-9487-78117aecb389,2,2020-02-02T19:02:35.035Z,244
362,1580670678272,6103ce5f-6cc5-44fe-9487-78117aecb389,3,2020-02-02T19:11:18.272Z,244
363,1580670696802,6103ce5f-6cc5-44fe-9487-78117aecb389,2,2020-02-02T19:11:36.802Z,244
364,1580670796162,6103ce5f-6cc5-44fe-9487-78117aecb389,3,2020-02-02T19:13:16.161Z,244
365,1580670821219,6103ce5f-6cc5-44fe-9487-78117aecb389,2,2020-02-02T19:13:41.219Z,244
366,1580670994029,6103ce5f-6cc5-44fe-9487-78117aecb389,3,2020-02-02T19:16:34.029Z,244
367,1580670997256,6103ce5f-6cc5-44fe-9487-78117aecb389,2,2020-02-02T19:16:37.256Z,244
368,1580671220129,6103ce5f-6cc5-44fe-9487-78117aecb389,3,2020-02-02T19:20:20.128Z,244
369,1580671221334,6103ce5f-6cc5-44fe-9487-78117aecb389,2,2020-02-02T19:20:21.334Z,244
370,1580671322402,6103ce5f-6cc5-44fe-9487-78117aecb389,3,2020-02-02T19:22:02.401Z,244
371,1580671540987,6103ce5f-6cc5-44fe-9487-78117aecb389,2,2020-02-02T19:25:40.986Z,244
372,1580671816571,6103ce5f-6cc5-44fe-9487-78117aecb389,3,2020-02-02T19:30:16.571Z,244
373,1580671828453,6103ce5f-6cc5-44fe-9487-78117aecb389,2,2020-02-02T19:30:28.453Z,244
374,1580671963836,6103ce5f-6cc5-44fe-9487-78117aecb389,3,2020-02-02T19:32:43.835Z,244
375,1580671968837,6103ce5f-6cc5-44fe-9487-78117aecb389,2,2020-02-02T19:32:48.836Z,244
376,1580672739899,6103ce5f-6cc5-44fe-9487-78117aecb389,3,2020-02-02T19:45:39.898Z,244
377,1580673086226,6103ce5f-6cc5-44fe-9487-78117aecb389,2,2020-02-02T19:51:26.226Z,244
378,1580673103739,6103ce5f-6cc5-44fe-9487-78117aecb389,3,2020-02-02T19:51:43.739Z,244
379,1581005234453,6103ce5f-6cc5-44fe-9487-78117aecb389,2,2020-02-06T16:07:14.453Z,337
380,1581005291575,6103ce5f-6cc5-44fe-9487-78117aecb389,3,2020-02-06T16:08:11.575Z,337
381,1581005421161,6103ce5f-6cc5-44fe-9487-78117aecb389,2,2020-02-06T16:10:21.161Z,337
382,1581005499043,6103ce5f-6cc5-44fe-9487-78117aecb389,3,2020-02-06T16:11:39.042Z,337
383,1581005510179,6103ce5f-6cc5-44fe-9487-78117aecb389,2,2020-02-06T16:11:50.178Z,337
384,1581005757091,6103ce5f-6cc5-44fe-9487-78117aecb389,3,2020-02-06T16:15:57.091Z,337
385,1581006232766,6103ce5f-6cc5-44fe-9487-78117aecb389,2,2020-02-06T16:23:52.766Z,337
386,1581006270180,6103ce5f-6cc5-44fe-9487-78117aecb389,3,2020-02-06T16:24:30.180Z,337
387,1581006339766,6103ce5f-6cc5-44fe-9487-78117aecb389,2,2020-02-06T16:25:39.766Z,337
388,1581006483000,6103ce5f-6cc5-44fe-9487-78117aecb389,3,2020-02-06T16:28:03.000Z,337
389,1581006548435,6103ce5f-6cc5-44fe-9487-78117aecb389,2,2020-02-06T16:29:08.434Z,337
390,1581007148261,6103ce5f-6cc5-44fe-9487-78117aecb389,3,2020-02-06T16:39:08.260Z,337
391,1581007170967,6103ce5f-6cc5-44fe-9487-78117aecb389,2,2020-02-06T16:39:30.967Z,337
392,1581007226488,6103ce5f-6cc5-44fe-9487-78117aecb389,3,2020-02-06T16:40:26.487Z,337
393,1581007247066,6103ce5f-6cc5-44fe-9487-78117aecb389,2,2020-02-06T16:40:47.065Z,337
394,1581007291542,6103ce5f-6cc5-44fe-9487-78117aecb389,3,2020-02-06T16:41:31.542Z,337
395,1581007457116,6103ce5f-6cc5-44fe-9487-78117aecb389,2,2020-02-06T16:44:17.115Z,337
396,1581007601205,6103ce5f-6cc5-44fe-9487-78117aecb389,3,2020-02-06T16:46:41.204Z,337
397,1581007773783,6103ce5f-6cc5-44fe-9487-78117aecb389,2,2020-02-06T16:49:33.782Z,337
398,1581007847067,6103ce5f-6cc5-44fe-9487-78117aecb389,3,2020-02-06T16:50:47.066Z,337
399,1581007937649,6103ce5f-6cc5-44fe-9487-78117aecb389,2,2020-02-06T16:52:17.648Z,337
400,1581007955306,6103ce5f-6cc5-44fe-9487-78117aecb389,3,2020-02-06T16:52:35.305Z,337
401,1581008210512,6103ce5f-6cc5-44fe-9487-78117aecb389,2,2020-02-06T16:56:50.512Z,337
402,1581008210516,6103ce5f-6cc5-44fe-9487-78117aecb389,2,2020-02-06T16:56:50.516Z,337
403,1581008243206,6103ce5f-6cc5-44fe-9487-78117aecb389,3,2020-02-06T16:57:23.206Z,337
404,1581008243212,6103ce5f-6cc5-44fe-9487-78117aecb389,3,2020-02-06T16:57:23.211Z,337
405,1581008244932,6103ce5f-6cc5-44fe-9487-78117aecb389,2,2020-02-06T16:57:24.931Z,337
406,1581008244932,6103ce5f-6cc5-44fe-9487-78117aecb389,2,2020-02-06T16:57:24.931Z,337
407,1581008255059,6103ce5f-6cc5-44fe-9487-78117aecb389,3,2020-02-06T16:57:35.059Z,337
408,1581008255062,6103ce5f-6cc5-44fe-9487-78117aecb389,3,2020-02-06T16:57:35.062Z,337
409,1581008358933,6103ce5f-6cc5-44fe-9487-78117aecb389,2,2020-02-06T16:59:18.933Z,337
410,1581008358934,6103ce5f-6cc5-44fe-9487-78117aecb389,2,2020-02-06T16:59:18.934Z,337
411,1581008379068,6103ce5f-6cc5-44fe-9487-78117aecb389,3,2020-02-06T16:59:39.068Z,337
412,1581008379106,6103ce5f-6cc5-44fe-9487-78117aecb389,3,2020-02-06T16:59:39.105Z,337
413,1581008385046,6103ce5f-6cc5-44fe-9487-78117aecb389,2,2020-02-06T16:59:45.046Z,337
414,1581008385047,6103ce5f-6cc5-44fe-9487-78117aecb389,2,2020-02-06T16:59:45.046Z,337
415,1581008449182,6103ce5f-6cc5-44fe-9487-78117aecb389,3,2020-02-06T17:00:49.181Z,338
416,1581008449188,6103ce5f-6cc5-44fe-9487-78117aecb389,3,2020-02-06T17:00:49.187Z,338
417,1581008553612,6103ce5f-6cc5-44fe-9487-78117aecb389,2,2020-02-06T17:02:33.611Z,338
418,1581008553616,6103ce5f-6cc5-44fe-9487-78117aecb389,2,2020-02-06T17:02:33.615Z,338
419,1581008583102,6103ce5f-6cc5-44fe-9487-78117aecb389,3,2020-02-06T17:03:03.101Z,338
420,1581008583107,6103ce5f-6cc5-44fe-9487-78117aecb389,3,2020-02-06T17:03:03.107Z,338
421,1581008787557,6103ce5f-6cc5-44fe-9487-78117aecb389,2,2020-02-06T17:06:27.556Z,338
422,1581008787558,6103ce5f-6cc5-44fe-9487-78117aecb389,2,2020-02-06T17:06:27.558Z,338
423,1581008798852,6103ce5f-6cc5-44fe-9487-78117aecb389,3,2020-02-06T17:06:38.851Z,338
424,1581008798866,6103ce5f-6cc5-44fe-9487-78117aecb389,3,2020-02-06T17:06:38.865Z,338
425,1581008857630,6103ce5f-6cc5-44fe-9487-78117aecb389,2,2020-02-06T17:07:37.630Z,338
426,1581008857652,6103ce5f-6cc5-44fe-9487-78117aecb389,2,2020-02-06T17:07:37.651Z,338
427,1581009072175,6103ce5f-6cc5-44fe-9487-78117aecb389,3,2020-02-06T17:11:12.174Z,338
428,1581009072191,6103ce5f-6cc5-44fe-9487-78117aecb389,3,2020-02-06T17:11:12.190Z,338
429,1581009075081,6103ce5f-6cc5-44fe-9487-78117aecb389,2,2020-02-06T17:11:15.081Z,338
430,1581009075082,6103ce5f-6cc5-44fe-9487-78117aecb389,2,2020-02-06T17:11:15.082Z,338
431,1581009353013,6103ce5f-6cc5-44fe-9487-78117aecb389,3,2020-02-06T17:15:53.013Z,338
432,1581009353017,6103ce5f-6cc5-44fe-9487-78117aecb389,3,2020-02-06T17:15:53.016Z,338
433,1581009387124,6103ce5f-6cc5-44fe-9487-78117aecb389,2,2020-02-06T17:16:27.124Z,338
434,1581009387223,6103ce5f-6cc5-44fe-9487-78117aecb389,2,2020-02-06T17:16:27.223Z,338
435,1581009426883,6103ce5f-6cc5-44fe-9487-78117aecb389,3,2020-02-06T17:17:06.882Z,338
436,1581009426885,6103ce5f-6cc5-44fe-9487-78117aecb389,3,2020-02-06T17:17:06.884Z,338
437,1581009437673,6103ce5f-6cc5-44fe-9487-78117aecb389,2,2020-02-06T17:17:17.673Z,338
438,1581009437677,6103ce5f-6cc5-44fe-9487-78117aecb389,2,2020-02-06T17:17:17.677Z,338
439,1581009517484,6103ce5f-6cc5-44fe-9487-78117aecb389,3,2020-02-06T17:18:37.483Z,338
440,1581009517488,6103ce5f-6cc5-44fe-9487-78117aecb389,3,2020-02-06T17:18:37.487Z,338
441,1581009528211,6103ce5f-6cc5-44fe-9487-78117aecb389,2,2020-02-06T17:18:48.210Z,338
442,1581009528214,6103ce5f-6cc5-44fe-9487-78117aecb389,2,2020-02-06T17:18:48.213Z,338
443,1581009723895,6103ce5f-6cc5-44fe-9487-78117aecb389,3,2020-02-06T17:22:03.894Z,338
444,1581009723967,6103ce5f-6cc5-44fe-9487-78117aecb389,3,2020-02-06T17:22:03.967Z,338
445,1581009742000,6103ce5f-6cc5-44fe-9487-78117aecb389,2,2020-02-06T17:22:22.000Z,338
446,1581009742012,6103ce5f-6cc5-44fe-9487-78117aecb389,2,2020-02-06T17:22:22.012Z,338
447,1581009769902,6103ce5f-6cc5-44fe-9487-78117aecb389,3,2020-02-06T17:22:49.901Z,338
448,1581009769956,6103ce5f-6cc5-44fe-9487-78117aecb389,3,2020-02-06T17:22:49.956Z,338
449,1581009770724,6103ce5f-6cc5-44fe-9487-78117aecb389,2,2020-02-06T17:22:50.723Z,338
450,1581009770731,6103ce5f-6cc5-44fe-9487-78117aecb389,2,2020-02-06T17:22:50.730Z,338
451,1581009921037,6103ce5f-6cc5-44fe-9487-78117aecb389,3,2020-02-06T17:25:21.036Z,338
452,1581009921275,6103ce5f-6cc5-44fe-9487-78117aecb389,3,2020-02-06T17:25:21.275Z,338
453,1581009959483,6103ce5f-6cc5-44fe-9487-78117aecb389,2,2020-02-06T17:25:59.483Z,338
454,1581009959487,6103ce5f-6cc5-44fe-9487-78117aecb389,2,2020-02-06T17:25:59.486Z,338
455,1581010257336,6103ce5f-6cc5-44fe-9487-78117aecb389,3,2020-02-06T17:30:57.335Z,338
456,1581010257339,6103ce5f-6cc5-44fe-9487-78117aecb389,3,2020-02-06T17:30:57.338Z,338
457,1581010267724,6103ce5f-6cc5-44fe-9487-78117aecb389,2,2020-02-06T17:31:07.723Z,338
458,1581010267724,6103ce5f-6cc5-44fe-9487-78117aecb389,2,2020-02-06T17:31:07.723Z,338
459,1581010364622,6103ce5f-6cc5-44fe-9487-78117aecb389,3,2020-02-06T17:32:44.621Z,338
460,1581010364623,6103ce5f-6cc5-44fe-9487-78117aecb389,3,2020-02-06T17:32:44.622Z,338
461,1581010418265,6103ce5f-6cc5-44fe-9487-78117aecb389,2,2020-02-06T17:33:38.265Z,338
462,1581010418274,6103ce5f-6cc5-44fe-9487-78117aecb389,2,2020-02-06T17:33:38.273Z,338
463,1581010441333,6103ce5f-6cc5-44fe-9487-78117aecb389,3,2020-02-06T17:34:01.332Z,338
464,1581010441357,6103ce5f-6cc5-44fe-9487-78117aecb389,3,2020-02-06T17:34:01.357Z,338
465,1581010462378,6103ce5f-6cc5-44fe-9487-78117aecb389,2,2020-02-06T17:34:22.378Z,338
466,1581010462383,6103ce5f-6cc5-44fe-9487-78117aecb389,2,2020-02-06T17:34:22.382Z,338
467,1581011245157,6103ce5f-6cc5-44fe-9487-78117aecb389,3,2020-02-06T17:47:25.157Z,338
468,1581011245163,6103ce5f-6cc5-44fe-9487-78117aecb389,3,2020-02-06T17:47:25.163Z,338
469,1581011366349,6103ce5f-6cc5-44fe-9487-78117aecb389,2,2020-02-06T17:49:26.348Z,338
470,1581011366349,6103ce5f-6cc5-44fe-9487-78117aecb389,2,2020-02-06T17:49:26.348Z,338
471,1581011419563,6103ce5f-6cc5-44fe-9487-78117aecb389,3,2020-02-06T17:50:19.562Z,338
472,1581011419565,6103ce5f-6cc5-44fe-9487-78117aecb389,3,2020-02-06T17:50:19.565Z,338
473,1581011432417,6103ce5f-6cc5-44fe-9487-78117aecb389,2,2020-02-06T17:50:32.417Z,338
474,1581011432427,6103ce5f-6cc5-44fe-9487-78117aecb389,2,2020-02-06T17:50:32.427Z,338
475,1581011479216,6103ce5f-6cc5-44fe-9487-78117aecb389,3,2020-02-06T17:51:19.216Z,338
476,1581011479226,6103ce5f-6cc5-44fe-9487-78117aecb389,3,2020-02-06T17:51:19.226Z,338
477,1581011604411,6103ce5f-6cc5-44fe-9487-78117aecb389,2,2020-02-06T17:53:24.411Z,338
478,1581011604413,6103ce5f-6cc5-44fe-9487-78117aecb389,2,2020-02-06T17:53:24.413Z,338
479,1581011679779,6103ce5f-6cc5-44fe-9487-78117aecb389,3,2020-02-06T17:54:39.779Z,338
480,1581011679779,6103ce5f-6cc5-44fe-9487-78117aecb389,3,2020-02-06T17:54:39.779Z,338
481,1581011801419,6103ce5f-6cc5-44fe-9487-78117aecb389,2,2020-02-06T17:56:41.418Z,338
482,1581011801421,6103ce5f-6cc5-44fe-9487-78117aecb389,2,2020-02-06T17:56:41.421Z,338
483,1581011964050,6103ce5f-6cc5-44fe-9487-78117aecb389,3,2020-02-06T17:59:24.049Z,338
484,1581011964055,6103ce5f-6cc5-44fe-9487-78117aecb389,3,2020-02-06T17:59:24.055Z,338
485,1581011990120,6103ce5f-6cc5-44fe-9487-78117aecb389,2,2020-02-06T17:59:50.119Z,338
486,1581011990162,6103ce5f-6cc5-44fe-9487-78117aecb389,2,2020-02-06T17:59:50.161Z,338
487,1581011995594,6103ce5f-6cc5-44fe-9487-78117aecb389,3,2020-02-06T17:59:55.594Z,338
488,1581011995596,6103ce5f-6cc5-44fe-9487-78117aecb389,3,2020-02-06T17:59:55.595Z,338
489,1581012002633,6103ce5f-6cc5-44fe-9487-78117aecb389,2,2020-02-06T18:00:02.632Z,339
490,1581012002636,6103ce5f-6cc5-44fe-9487-78117aecb389,2,2020-02-06T18:00:02.635Z,339
491,1581012078431,6103ce5f-6cc5-44fe-9487-78117aecb389,3,2020-02-06T18:01:18.430Z,339
492,1581012078433,6103ce5f-6cc5-44fe-9487-78117aecb389,3,2020-02-06T18:01:18.433Z,339
493,1581012113890,6103ce5f-6cc5-44fe-9487-78117aecb389,2,2020-02-06T18:01:53.890Z,339
494,1581012113900,6103ce5f-6cc5-44fe-9487-78117aecb389,2,2020-02-06T18:01:53.900Z,339
495,1581012115468,6103ce5f-6cc5-44fe-9487-78117aecb389,3,2020-02-06T18:01:55.467Z,339
496,1581012115528,6103ce5f-6cc5-44fe-9487-78117aecb389,3,2020-02-06T18:01:55.528Z,339
497,1581012123541,6103ce5f-6cc5-44fe-9487-78117aecb389,2,2020-02-06T18:02:03.540Z,339
498,1581012123550,6103ce5f-6cc5-44fe-9487-78117aecb389,2,2020-02-06T18:02:03.549Z,339
499,1581012591290,6103ce5f-6cc5-44fe-9487-78117aecb389,3,2020-02-06T18:09:51.289Z,339
500,1581012591305,6103ce5f-6cc5-44fe-9487-78117aecb389,3,2020-02-06T18:09:51.305Z,339
501,1581012600795,6103ce5f-6cc5-44fe-9487-78117aecb389,2,2020-02-06T18:10:00.795Z,339
502,1581012600801,6103ce5f-6cc5-44fe-9487-78117aecb389,2,2020-02-06T18:10:00.801Z,339
503,1581012675443,6103ce5f-6cc5-44fe-9487-78117aecb389,3,2020-02-06T18:11:15.443Z,339
504,1581012675446,6103ce5f-6cc5-44fe-9487-78117aecb389,3,2020-02-06T18:11:15.446Z,339
505,1581012756562,6103ce5f-6cc5-44fe-9487-78117aecb389,2,2020-02-06T18:12:36.562Z,339
506,1581012756562,6103ce5f-6cc5-44fe-9487-78117aecb389,2,2020-02-06T18:12:36.562Z,339
507,1581012800303,6103ce5f-6cc5-44fe-9487-78117aecb389,3,2020-02-06T18:13:20.302Z,339
508,1581012800332,6103ce5f-6cc5-44fe-9487-78117aecb389,3,2020-02-06T18:13:20.332Z,339
509,1581012851032,6103ce5f-6cc5-44fe-9487-78117aecb389,2,2020-02-06T18:14:11.032Z,339
510,1581012851035,6103ce5f-6cc5-44fe-9487-78117aecb389,2,2020-02-06T18:14:11.035Z,339
511,1581012858014,6103ce5f-6cc5-44fe-9487-78117aecb389,3,2020-02-06T18:14:18.013Z,339
512,1581012858026,6103ce5f-6cc5-44fe-9487-78117aecb389,3,2020-02-06T18:14:18.026Z,339
513,1581012862847,6103ce5f-6cc5-44fe-9487-78117aecb389,2,2020-02-06T18:14:22.846Z,339
514,1581012862853,6103ce5f-6cc5-44fe-9487-78117aecb389,2,2020-02-06T18:14:22.852Z,339
515,1581013090429,6103ce5f-6cc5-44fe-9487-78117aecb389,3,2020-02-06T18:18:10.428Z,339
516,1581013090456,6103ce5f-6cc5-44fe-9487-78117aecb389,3,2020-02-06T18:18:10.456Z,339
517,1581013121427,6103ce5f-6cc5-44fe-9487-78117aecb389,2,2020-02-06T18:18:41.427Z,339
518,1581013121464,6103ce5f-6cc5-44fe-9487-78117aecb389,2,2020-02-06T18:18:41.463Z,339
519,1581013242715,6103ce5f-6cc5-44fe-9487-78117aecb389,3,2020-02-06T18:20:42.714Z,339
520,1581013242716,6103ce5f-6cc5-44fe-9487-78117aecb389,3,2020-02-06T18:20:42.716Z,339
521,1581013272149,6103ce5f-6cc5-44fe-9487-78117aecb389,2,2020-02-06T18:21:12.148Z,339
522,1581013272150,6103ce5f-6cc5-44fe-9487-78117aecb389,2,2020-02-06T18:21:12.150Z,339
523,1581013375918,6103ce5f-6cc5-44fe-9487-78117aecb389,3,2020-02-06T18:22:55.917Z,339
524,1581013375920,6103ce5f-6cc5-44fe-9487-78117aecb389,3,2020-02-06T18:22:55.920Z,339
525,1581013767581,6103ce5f-6cc5-44fe-9487-78117aecb389,2,2020-02-06T18:29:27.581Z,339
526,1581013767582,6103ce5f-6cc5-44fe-9487-78117aecb389,2,2020-02-06T18:29:27.582Z,339
527,1581013825690,6103ce5f-6cc5-44fe-9487-78117aecb389,3,2020-02-06T18:30:25.690Z,339
528,1581013825778,6103ce5f-6cc5-44fe-9487-78117aecb389,3,2020-02-06T18:30:25.778Z,339
529,1581013826203,6103ce5f-6cc5-44fe-9487-78117aecb389,2,2020-02-06T18:30:26.203Z,339
530,1581013826205,6103ce5f-6cc5-44fe-9487-78117aecb389,2,2020-02-06T18:30:26.204Z,339
531,1581013826743,6103ce5f-6cc5-44fe-9487-78117aecb389,3,2020-02-06T18:30:26.743Z,339
532,1581013826817,6103ce5f-6cc5-44fe-9487-78117aecb389,3,2020-02-06T18:30:26.816Z,339
533,1581013908018,6103ce5f-6cc5-44fe-9487-78117aecb389,2,2020-02-06T18:31:48.017Z,339
534,1581013908056,6103ce5f-6cc5-44fe-9487-78117aecb389,2,2020-02-06T18:31:48.055Z,339
535,1581013940855,6103ce5f-6cc5-44fe-9487-78117aecb389,3,2020-02-06T18:32:20.855Z,339
536,1581013940885,6103ce5f-6cc5-44fe-9487-78117aecb389,3,2020-02-06T18:32:20.884Z,339
537,1581013956632,6103ce5f-6cc5-44fe-9487-78117aecb389,2,2020-02-06T18:32:36.631Z,339
538,1581013956645,6103ce5f-6cc5-44fe-9487-78117aecb389,2,2020-02-06T18:32:36.644Z,339
539,1581013956923,6103ce5f-6cc5-44fe-9487-78117aecb389,3,2020-02-06T18:32:36.923Z,339
540,1581013956932,6103ce5f-6cc5-44fe-9487-78117aecb389,3,2020-02-06T18:32:36.931Z,339
541,1581013971441,6103ce5f-6cc5-44fe-9487-78117aecb389,2,2020-02-06T18:32:51.440Z,339
542,1581013971446,6103ce5f-6cc5-44fe-9487-78117aecb389,2,2020-02-06T18:32:51.446Z,339
543,1581013981496,6103ce5f-6cc5-44fe-9487-78117aecb389,3,2020-02-06T18:33:01.496Z,339
544,1581013981525,6103ce5f-6cc5-44fe-9487-78117aecb389,3,2020-02-06T18:33:01.525Z,339
545,1581014045744,6103ce5f-6cc5-44fe-9487-78117aecb389,2,2020-02-06T18:34:05.743Z,339
546,1581014045749,6103ce5f-6cc5-44fe-9487-78117aecb389,2,2020-02-06T18:34:05.749Z,339
547,1581014049044,6103ce5f-6cc5-44fe-9487-78117aecb389,3,2020-02-06T18:34:09.043Z,339
548,1581014049070,6103ce5f-6cc5-44fe-9487-78117aecb389,3,2020-02-06T18:34:09.069Z,339
549,1581014166439,6103ce5f-6cc5-44fe-9487-78117aecb389,2,2020-02-06T18:36:06.438Z,339
550,1581014166572,6103ce5f-6cc5-44fe-9487-78117aecb389,2,2020-02-06T18:36:06.572Z,339
551,1581014196833,6103ce5f-6cc5-44fe-9487-78117aecb389,3,2020-02-06T18:36:36.832Z,339
552,1581014196842,6103ce5f-6cc5-44fe-9487-78117aecb389,3,2020-02-06T18:36:36.842Z,339
553,1581014314983,6103ce5f-6cc5-44fe-9487-78117aecb389,2,2020-02-06T18:38:34.983Z,339
554,1581014314984,6103ce5f-6cc5-44fe-9487-78117aecb389,2,2020-02-06T18:38:34.983Z,339
555,1581014558457,6103ce5f-6cc5-44fe-9487-78117aecb389,3,2020-02-06T18:42:38.457Z,339
556,1581014558460,6103ce5f-6cc5-44fe-9487-78117aecb389,3,2020-02-06T18:42:38.460Z,339
557,1581014558933,6103ce5f-6cc5-44fe-9487-78117aecb389,2,2020-02-06T18:42:38.933Z,339
558,1581014558934,6103ce5f-6cc5-44fe-9487-78117aecb389,2,2020-02-06T18:42:38.934Z,339
559,1581014562937,6103ce5f-6cc5-44fe-9487-78117aecb389,3,2020-02-06T18:42:42.937Z,339
560,1581014562941,6103ce5f-6cc5-44fe-9487-78117aecb389,3,2020-02-06T18:42:42.940Z,339
561,1581014574707,6103ce5f-6cc5-44fe-9487-78117aecb389,2,2020-02-06T18:42:54.707Z,339
562,1581014574708,6103ce5f-6cc5-44fe-9487-78117aecb389,2,2020-02-06T18:42:54.707Z,339
563,1581014598499,6103ce5f-6cc5-44fe-9487-78117aecb389,3,2020-02-06T18:43:18.499Z,339
564,1581014598542,6103ce5f-6cc5-44fe-9487-78117aecb389,3,2020-02-06T18:43:18.542Z,339
565,1581014617346,6103ce5f-6cc5-44fe-9487-78117aecb389,2,2020-02-06T18:43:37.345Z,339
566,1581014617359,6103ce5f-6cc5-44fe-9487-78117aecb389,2,2020-02-06T18:43:37.358Z,339
567,1581018002196,6103ce5f-6cc5-44fe-9487-78117aecb389,3,2020-02-06T19:40:02.196Z,340
568,1581018002198,6103ce5f-6cc5-44fe-9487-78117aecb389,3,2020-02-06T19:40:02.197Z,340
569,1581018031916,6103ce5f-6cc5-44fe-9487-78117aecb389,2,2020-02-06T19:40:31.915Z,340
570,1581018032026,6103ce5f-6cc5-44fe-9487-78117aecb389,3,2020-02-06T19:40:32.026Z,340
571,1581018032030,6103ce5f-6cc5-44fe-9487-78117aecb389,3,2020-02-06T19:40:32.029Z,340
572,1581018032032,6103ce5f-6cc5-44fe-9487-78117aecb389,3,2020-02-06T19:40:32.032Z,340
573,1581018476023,6103ce5f-6cc5-44fe-9487-78117aecb389,2,2020-02-06T19:47:56.023Z,340
574,1581018476028,6103ce5f-6cc5-44fe-9487-78117aecb389,2,2020-02-06T19:47:56.028Z,340
575,1581018808606,6103ce5f-6cc5-44fe-9487-78117aecb389,3,2020-02-06T19:53:28.605Z,340
576,1581018808680,6103ce5f-6cc5-44fe-9487-78117aecb389,3,2020-02-06T19:53:28.680Z,340
577,1581019137537,6103ce5f-6cc5-44fe-9487-78117aecb389,2,2020-02-06T19:58:57.536Z,340
578,1581019137566,6103ce5f-6cc5-44fe-9487-78117aecb389,2,2020-02-06T19:58:57.565Z,340
579,1581019228705,6103ce5f-6cc5-44fe-9487-78117aecb389,3,2020-02-06T20:00:28.704Z,341
580,1581019228769,6103ce5f-6cc5-44fe-9487-78117aecb389,3,2020-02-06T20:00:28.769Z,341
581,1581019286330,6103ce5f-6cc5-44fe-9487-78117aecb389,2,2020-02-06T20:01:26.329Z,341
582,1581019286334,6103ce5f-6cc5-44fe-9487-78117aecb389,2,2020-02-06T20:01:26.334Z,341
583,1581019322679,6103ce5f-6cc5-44fe-9487-78117aecb389,3,2020-02-06T20:02:02.678Z,341
584,1581019322802,6103ce5f-6cc5-44fe-9487-78117aecb389,3,2020-02-06T20:02:02.802Z,341
585,1581019352702,6103ce5f-6cc5-44fe-9487-78117aecb389,2,2020-02-06T20:02:32.701Z,341
586,1581019352705,6103ce5f-6cc5-44fe-9487-78117aecb389,2,2020-02-06T20:02:32.704Z,341
587,1581019406601,6103ce5f-6cc5-44fe-9487-78117aecb389,3,2020-02-06T20:03:26.601Z,341
588,1581019406665,6103ce5f-6cc5-44fe-9487-78117aecb389,3,2020-02-06T20:03:26.664Z,341
589,1581019447195,6103ce5f-6cc5-44fe-9487-78117aecb389,2,2020-02-06T20:04:07.194Z,341
590,1581019447198,6103ce5f-6cc5-44fe-9487-78117aecb389,2,2020-02-06T20:04:07.197Z,341
591,1581020124190,6103ce5f-6cc5-44fe-9487-78117aecb389,3,2020-02-06T20:15:24.190Z,341
592,1581020124225,6103ce5f-6cc5-44fe-9487-78117aecb389,3,2020-02-06T20:15:24.224Z,341
593,1581020144971,6103ce5f-6cc5-44fe-9487-78117aecb389,2,2020-02-06T20:15:44.970Z,341
594,1581020145057,6103ce5f-6cc5-44fe-9487-78117aecb389,2,2020-02-06T20:15:45.056Z,341
595,1581020425732,6103ce5f-6cc5-44fe-9487-78117aecb389,3,2020-02-06T20:20:25.732Z,341
596,1581020425761,6103ce5f-6cc5-44fe-9487-78117aecb389,3,2020-02-06T20:20:25.760Z,341
597,1581021455461,6103ce5f-6cc5-44fe-9487-78117aecb389,2,2020-02-06T20:37:35.460Z,341
598,1581021455462,6103ce5f-6cc5-44fe-9487-78117aecb389,2,2020-02-06T20:37:35.461Z,341
599,1581021456409,6103ce5f-6cc5-44fe-9487-78117aecb389,3,2020-02-06T20:37:36.408Z,341
600,1581021456409,6103ce5f-6cc5-44fe-9487-78117aecb389,3,2020-02-06T20:37:36.408Z,341
601,1581021981885,6103ce5f-6cc5-44fe-9487-78117aecb389,2,2020-02-06T20:46:21.884Z,341
602,1581021981887,6103ce5f-6cc5-44fe-9487-78117aecb389,2,2020-02-06T20:46:21.887Z,341
603,1581021982389,6103ce5f-6cc5-44fe-9487-78117aecb389,3,2020-02-06T20:46:22.388Z,341
604,1581021982391,6103ce5f-6cc5-44fe-9487-78117aecb389,3,2020-02-06T20:46:22.391Z,341
605,1581022498597,6103ce5f-6cc5-44fe-9487-78117aecb389,2,2020-02-06T20:54:58.596Z,341
606,1581022498598,6103ce5f-6cc5-44fe-9487-78117aecb389,2,2020-02-06T20:54:58.598Z,341
607,1581022662928,6103ce5f-6cc5-44fe-9487-78117aecb389,3,2020-02-06T20:57:42.927Z,341
608,1581022662944,6103ce5f-6cc5-44fe-9487-78117aecb389,3,2020-02-06T20:57:42.944Z,341
609,1581022698284,6103ce5f-6cc5-44fe-9487-78117aecb389,2,2020-02-06T20:58:18.283Z,341
610,1581022698288,6103ce5f-6cc5-44fe-9487-78117aecb389,2,2020-02-06T20:58:18.288Z,341
611,1581022739498,6103ce5f-6cc5-44fe-9487-78117aecb389,3,2020-02-06T20:58:59.497Z,341
612,1581022739534,6103ce5f-6cc5-44fe-9487-78117aecb389,3,2020-02-06T20:58:59.533Z,341
613,1581022905487,6103ce5f-6cc5-44fe-9487-78117aecb389,2,2020-02-06T21:01:45.486Z,342
614,1581022905500,6103ce5f-6cc5-44fe-9487-78117aecb389,2,2020-02-06T21:01:45.500Z,342
615,1581022954810,6103ce5f-6cc5-44fe-9487-78117aecb389,3,2020-02-06T21:02:34.809Z,342
616,1581022954815,6103ce5f-6cc5-44fe-9487-78117aecb389,3,2020-02-06T21:02:34.815Z,342
617,1581023234312,6103ce5f-6cc5-44fe-9487-78117aecb389,2,2020-02-06T21:07:14.312Z,342
618,1581023234314,6103ce5f-6cc5-44fe-9487-78117aecb389,2,2020-02-06T21:07:14.313Z,342
619,1581023278630,6103ce5f-6cc5-44fe-9487-78117aecb389,3,2020-02-06T21:07:58.630Z,342
620,1581023278645,6103ce5f-6cc5-44fe-9487-78117aecb389,3,2020-02-06T21:07:58.644Z,342
621,1581023366712,6103ce5f-6cc5-44fe-9487-78117aecb389,2,2020-02-06T21:09:26.711Z,342
622,1581023366717,6103ce5f-6cc5-44fe-9487-78117aecb389,2,2020-02-06T21:09:26.717Z,342
623,1581024153703,6103ce5f-6cc5-44fe-9487-78117aecb389,3,2020-02-06T21:22:33.703Z,342
624,1581024153735,6103ce5f-6cc5-44fe-9487-78117aecb389,3,2020-02-06T21:22:33.734Z,342
625,1581024233555,6103ce5f-6cc5-44fe-9487-78117aecb389,2,2020-02-06T21:23:53.555Z,342
626,1581024233558,6103ce5f-6cc5-44fe-9487-78117aecb389,2,2020-02-06T21:23:53.558Z,342
627,1581024467792,6103ce5f-6cc5-44fe-9487-78117aecb389,3,2020-02-06T21:27:47.792Z,342
628,1581024467823,6103ce5f-6cc5-44fe-9487-78117aecb389,3,2020-02-06T21:27:47.822Z,342
629,1581024608224,6103ce5f-6cc5-44fe-9487-78117aecb389,2,2020-02-06T21:30:08.223Z,342
630,1581024608228,6103ce5f-6cc5-44fe-9487-78117aecb389,2,2020-02-06T21:30:08.227Z,342
631,1581024773500,6103ce5f-6cc5-44fe-9487-78117aecb389,3,2020-02-06T21:32:53.500Z,342
632,1581024773503,6103ce5f-6cc5-44fe-9487-78117aecb389,3,2020-02-06T21:32:53.503Z,342
633,1581024780226,6103ce5f-6cc5-44fe-9487-78117aecb389,2,2020-02-06T21:33:00.226Z,342
634,1581024780231,6103ce5f-6cc5-44fe-9487-78117aecb389,2,2020-02-06T21:33:00.230Z,342
635,1581025310452,6103ce5f-6cc5-44fe-9487-78117aecb389,3,2020-02-06T21:41:50.451Z,342
636,1581025310471,6103ce5f-6cc5-44fe-9487-78117aecb389,3,2020-02-06T21:41:50.470Z,342
637,1581025350418,6103ce5f-6cc5-44fe-9487-78117aecb389,2,2020-02-06T21:42:30.417Z,342
638,1581025350422,6103ce5f-6cc5-44fe-9487-78117aecb389,2,2020-02-06T21:42:30.421Z,342
639,1581025944421,6103ce5f-6cc5-44fe-9487-78117aecb389,3,2020-02-06T21:52:24.421Z,342
640,1581025944426,6103ce5f-6cc5-44fe-9487-78117aecb389,3,2020-02-06T21:52:24.426Z,342
641,1581025974114,6103ce5f-6cc5-44fe-9487-78117aecb389,2,2020-02-06T21:52:54.114Z,342
642,1581025974122,6103ce5f-6cc5-44fe-9487-78117aecb389,2,2020-02-06T21:52:54.121Z,342
643,1581026019698,6103ce5f-6cc5-44fe-9487-78117aecb389,3,2020-02-06T21:53:39.697Z,342
644,1581026019705,6103ce5f-6cc5-44fe-9487-78117aecb389,3,2020-02-06T21:53:39.704Z,342
645,1581026075613,6103ce5f-6cc5-44fe-9487-78117aecb389,2,2020-02-06T21:54:35.612Z,342
646,1581026075614,6103ce5f-6cc5-44fe-9487-78117aecb389,2,2020-02-06T21:54:35.614Z,342
647,1581026890480,6103ce5f-6cc5-44fe-9487-78117aecb389,3,2020-02-06T22:08:10.480Z,343
648,1581026890486,6103ce5f-6cc5-44fe-9487-78117aecb389,3,2020-02-06T22:08:10.486Z,343
649,1581027618061,6103ce5f-6cc5-44fe-9487-78117aecb389,2,2020-02-06T22:20:18.061Z,343
650,1581027618063,6103ce5f-6cc5-44fe-9487-78117aecb389,2,2020-02-06T22:20:18.062Z,343
651,1581028024002,6103ce5f-6cc5-44fe-9487-78117aecb389,3,2020-02-06T22:27:04.002Z,343
652,1581028024008,6103ce5f-6cc5-44fe-9487-78117aecb389,3,2020-02-06T22:27:04.007Z,343
653,1581029291034,6103ce5f-6cc5-44fe-9487-78117aecb389,2,2020-02-06T22:48:11.033Z,343
654,1581029291035,6103ce5f-6cc5-44fe-9487-78117aecb389,2,2020-02-06T22:48:11.035Z,343
655,1581029292678,6103ce5f-6cc5-44fe-9487-78117aecb389,3,2020-02-06T22:48:12.677Z,343
656,1581029292679,6103ce5f-6cc5-44fe-9487-78117aecb389,3,2020-02-06T22:48:12.678Z,343
657,1581029390439,6103ce5f-6cc5-44fe-9487-78117aecb389,2,2020-02-06T22:49:50.438Z,343
658,1581029390441,6103ce5f-6cc5-44fe-9487-78117aecb389,2,2020-02-06T22:49:50.440Z,343
659,1581029391444,6103ce5f-6cc5-44fe-9487-78117aecb389,3,2020-02-06T22:49:51.444Z,343
660,1581029391446,6103ce5f-6cc5-44fe-9487-78117aecb389,3,2020-02-06T22:49:51.446Z,343
661,1581029887875,6103ce5f-6cc5-44fe-9487-78117aecb389,2,2020-02-06T22:58:07.875Z,343
662,1581029887875,6103ce5f-6cc5-44fe-9487-78117aecb389,2,2020-02-06T22:58:07.875Z,343
663,1581030073393,6103ce5f-6cc5-44fe-9487-78117aecb389,3,2020-02-06T23:01:13.392Z,344
664,1581030073395,6103ce5f-6cc5-44fe-9487-78117aecb389,3,2020-02-06T23:01:13.394Z,344
665,1581031203016,6103ce5f-6cc5-44fe-9487-78117aecb389,2,2020-02-06T23:20:03.016Z,344
666,1581031203019,6103ce5f-6cc5-44fe-9487-78117aecb389,2,2020-02-06T23:20:03.019Z,344
667,1581031854875,6103ce5f-6cc5-44fe-9487-78117aecb389,3,2020-02-06T23:30:54.875Z,344
668,1581031854875,6103ce5f-6cc5-44fe-9487-78117aecb389,3,2020-02-06T23:30:54.875Z,344
669,1581031866785,6103ce5f-6cc5-44fe-9487-78117aecb389,2,2020-02-06T23:31:06.785Z,344
670,1581031866788,6103ce5f-6cc5-44fe-9487-78117aecb389,2,2020-02-06T23:31:06.788Z,344
671,1581031882084,6103ce5f-6cc5-44fe-9487-78117aecb389,3,2020-02-06T23:31:22.084Z,344
672,1581031882223,6103ce5f-6cc5-44fe-9487-78117aecb389,3,2020-02-06T23:31:22.223Z,344
673,1581031896220,6103ce5f-6cc5-44fe-9487-78117aecb389,2,2020-02-06T23:31:36.220Z,344
674,1581031896239,6103ce5f-6cc5-44fe-9487-78117aecb389,2,2020-02-06T23:31:36.239Z,344
675,1581032199081,6103ce5f-6cc5-44fe-9487-78117aecb389,3,2020-02-06T23:36:39.081Z,344
676,1581032199096,6103ce5f-6cc5-44fe-9487-78117aecb389,3,2020-02-06T23:36:39.095Z,344
677,1581032291314,6103ce5f-6cc5-44fe-9487-78117aecb389,2,2020-02-06T23:38:11.313Z,344
678,1581032291319,6103ce5f-6cc5-44fe-9487-78117aecb389,2,2020-02-06T23:38:11.319Z,344
679,1581032683072,6103ce5f-6cc5-44fe-9487-78117aecb389,3,2020-02-06T23:44:43.072Z,344
680,1581032683168,6103ce5f-6cc5-44fe-9487-78117aecb389,3,2020-02-06T23:44:43.167Z,344
681,1581032695206,6103ce5f-6cc5-44fe-9487-78117aecb389,2,2020-02-06T23:44:55.206Z,344
682,1581032695214,6103ce5f-6cc5-44fe-9487-78117aecb389,2,2020-02-06T23:44:55.213Z,344
683,1581033201292,6103ce5f-6cc5-44fe-9487-78117aecb389,3,2020-02-06T23:53:21.292Z,344
684,1581033201296,6103ce5f-6cc5-44fe-9487-78117aecb389,3,2020-02-06T23:53:21.296Z,344
685,1581033224025,6103ce5f-6cc5-44fe-9487-78117aecb389,2,2020-02-06T23:53:44.025Z,344
686,1581033224030,6103ce5f-6cc5-44fe-9487-78117aecb389,2,2020-02-06T23:53:44.029Z,344
687,1581033464020,6103ce5f-6cc5-44fe-9487-78117aecb389,3,2020-02-06T23:57:44.019Z,344
688,1581033464025,6103ce5f-6cc5-44fe-9487-78117aecb389,3,2020-02-06T23:57:44.025Z,344
689,1581034960852,6103ce5f-6cc5-44fe-9487-78117aecb389,2,2020-02-07T00:22:40.851Z,345
690,1581034960900,6103ce5f-6cc5-44fe-9487-78117aecb389,2,2020-02-07T00:22:40.900Z,345
691,1581034962809,6103ce5f-6cc5-44fe-9487-78117aecb389,3,2020-02-07T00:22:42.809Z,345
692,1581034962810,6103ce5f-6cc5-44fe-9487-78117aecb389,3,2020-02-07T00:22:42.809Z,345
693,1581035045678,6103ce5f-6cc5-44fe-9487-78117aecb389,2,2020-02-07T00:24:05.677Z,345
694,1581035045679,6103ce5f-6cc5-44fe-9487-78117aecb389,2,2020-02-07T00:24:05.678Z,345
695,1581035253544,6103ce5f-6cc5-44fe-9487-78117aecb389,3,2020-02-07T00:27:33.543Z,345
696,1581035253592,6103ce5f-6cc5-44fe-9487-78117aecb389,3,2020-02-07T00:27:33.592Z,345
697,1581035331175,6103ce5f-6cc5-44fe-9487-78117aecb389,2,2020-02-07T00:28:51.174Z,345
698,1581035331198,6103ce5f-6cc5-44fe-9487-78117aecb389,2,2020-02-07T00:28:51.197Z,345
699,1581036107101,6103ce5f-6cc5-44fe-9487-78117aecb389,3,2020-02-07T00:41:47.101Z,345
700,1581036107112,6103ce5f-6cc5-44fe-9487-78117aecb389,3,2020-02-07T00:41:47.111Z,345
701,1581036116474,6103ce5f-6cc5-44fe-9487-78117aecb389,2,2020-02-07T00:41:56.473Z,345
702,1581036116475,6103ce5f-6cc5-44fe-9487-78117aecb389,2,2020-02-07T00:41:56.474Z,345
703,1581036260420,6103ce5f-6cc5-44fe-9487-78117aecb389,3,2020-02-07T00:44:20.420Z,345
704,1581036260426,6103ce5f-6cc5-44fe-9487-78117aecb389,3,2020-02-07T00:44:20.426Z,345
